Post Title,Post Category,Post Content,Post Status,Post Created Date,Post Modify Date
Sample,Un-Category,Sample,Publish,1/7/2019 12:18:34 AM,1/7/2019 12:18:34 AM
Sample 2,Un-Category,Sample 2,Draft,1/7/2019 12:18:42 AM,1/7/2019 12:18:42 AM
Sample,Un-Category,Sample sample,Publish,1/7/2019 12:58:49 PM,1/7/2019 12:58:56 PM
Sample,Un-Category,Sample,Publish,1/7/2019 12:18:34 AM,1/7/2019 12:18:34 AM
Sample 2,Un-Category,Sample 2,Draft,1/7/2019 12:18:42 AM,1/7/2019 12:18:42 AM
Sample,Un-Category,Sample sample,Publish,1/7/2019 12:58:49 PM,1/7/2019 12:58:56 PM
New Post,Publish,&nbsp;" \n post \n ",Publish,1/8/2019 10:39:45 AM,1/8/2019 10:39:45 AM
Sample,Un-Category,Sample,Publish,1/7/2019 12:18:34 AM,1/7/2019 12:18:34 AM
Sample 2,Un-Category,Sample 2,Draft,1/7/2019 12:18:42 AM,1/7/2019 12:18:42 AM
Sample,Un-Category,Sample sample,Publish,1/7/2019 12:58:49 PM,1/7/2019 12:58:56 PM
Sample,Un-Category,Sample,Publish,1/7/2019 12:18:34 AM,1/7/2019 12:18:34 AM
Sample 2,Un-Category,Sample 2,Draft,1/7/2019 12:18:42 AM,1/7/2019 12:18:42 AM
Sample,Un-Category,Sample sample,Publish,1/7/2019 12:58:49 PM,1/7/2019 12:58:56 PM
New Post,Publish,&nbsp;" \n post \n ",Publish,1/8/2019 10:39:45 AM,1/8/2019 10:39:45 AM
hjh,Un-Category,bn,Draft,1/8/2019 3:21:52 PM,1/8/2019 3:21:59 PM