Image Title,Image Description,Image Path,Image Upload Date,Image Modify Date
banner,,~/Images/2019-01-04/banner.png,1/4/2019 9:32:12 AM,1/4/2019 9:32:12 AM
banner-1,,~/Images/2019-01-04/banner-1.png,1/4/2019 9:32:12 AM,1/4/2019 9:32:12 AM
beautiful-blur-bright-326055,,~/Images/2019-01-04/beautiful-blur-bright-326055.jpg,1/4/2019 9:32:12 AM,1/4/2019 9:32:12 AM
CMS_Creative_164657191_Kingfisher,,~/Images/2019-01-04/CMS_Creative_164657191_Kingfisher.jpg,1/4/2019 9:32:12 AM,1/4/2019 9:32:12 AM
logo,,~/Images/2019-01-04/logo.png,1/4/2019 9:32:12 AM,1/4/2019 9:32:12 AM
shop_donate-background-sm,,~/Images/2019-01-04/shop_donate-background-sm.jpg,1/4/2019 9:32:12 AM,1/4/2019 9:32:12 AM
banner,,~/Images/2019-01-04/banner_2.png,1/4/2019 11:32:22 PM,1/4/2019 11:32:22 PM
banner-1,,~/Images/2019-01-04/banner-1_1.png,1/4/2019 11:32:22 PM,1/4/2019 11:32:22 PM
beautiful-blur-bright-326055,,~/Images/2019-01-04/beautiful-blur-bright-326055_1.jpg,1/4/2019 11:32:22 PM,1/4/2019 11:32:22 PM
CMS_Creative_164657191_Kingfisher,,~/Images/2019-01-04/CMS_Creative_164657191_Kingfisher_1.jpg,1/4/2019 11:32:22 PM,1/4/2019 11:32:22 PM
logo,,~/Images/2019-01-04/logo_1.png,1/4/2019 11:32:22 PM,1/4/2019 11:32:22 PM
no-image-found,,~/Images/2019-01-04/no-image-found.png,1/4/2019 11:32:22 PM,1/4/2019 11:32:22 PM
shop_donate-background-sm,,~/Images/2019-01-04/shop_donate-background-sm_1.jpg,1/4/2019 11:32:22 PM,1/4/2019 11:32:22 PM
banner,,~/Images/2019-01-04/banner_3.png,1/4/2019 11:32:27 PM,1/4/2019 11:32:27 PM
banner-1,,~/Images/2019-01-04/banner-1_2.png,1/4/2019 11:32:27 PM,1/4/2019 11:32:27 PM
CMS_Creative_164657191_Kingfisher,,~/Images/2019-01-04/CMS_Creative_164657191_Kingfisher_2.jpg,1/4/2019 11:32:27 PM,1/4/2019 11:32:27 PM
logo,,~/Images/2019-01-04/logo_2.png,1/4/2019 11:32:27 PM,1/4/2019 11:32:27 PM
no-image-found,,~/Images/2019-01-04/no-image-found_1.png,1/4/2019 11:32:27 PM,1/4/2019 11:32:27 PM
shop_donate-background-sm,,~/Images/2019-01-04/shop_donate-background-sm_2.jpg,1/4/2019 11:32:27 PM,1/4/2019 11:32:27 PM
banner,,~/Images/2019-01-04/banner_4.png,1/4/2019 11:32:31 PM,1/4/2019 11:32:31 PM
banner-1,,~/Images/2019-01-04/banner-1_3.png,1/4/2019 11:32:31 PM,1/4/2019 11:32:31 PM
beautiful-blur-bright-326055,,~/Images/2019-01-04/beautiful-blur-bright-326055_3.jpg,1/4/2019 11:32:31 PM,1/4/2019 11:32:31 PM
CMS_Creative_164657191_Kingfisher,,~/Images/2019-01-04/CMS_Creative_164657191_Kingfisher_3.jpg,1/4/2019 11:32:31 PM,1/4/2019 11:32:31 PM
logo,,~/Images/2019-01-04/logo_3.png,1/4/2019 11:32:31 PM,1/4/2019 11:32:31 PM
no-image-found,,~/Images/2019-01-04/no-image-found_2.png,1/4/2019 11:32:31 PM,1/4/2019 11:32:31 PM
shop_donate-background-sm,,~/Images/2019-01-04/shop_donate-background-sm_3.jpg,1/4/2019 11:32:31 PM,1/4/2019 11:32:31 PM
banner,,~/Images/2019-01-04/banner_5.png,1/4/2019 11:32:35 PM,1/4/2019 11:32:35 PM
banner-1,,~/Images/2019-01-04/banner-1_4.png,1/4/2019 11:32:35 PM,1/4/2019 11:32:35 PM
beautiful-blur-bright-326055,,~/Images/2019-01-04/beautiful-blur-bright-326055_4.jpg,1/4/2019 11:32:35 PM,1/4/2019 11:32:35 PM
CMS_Creative_164657191_Kingfisher,,~/Images/2019-01-04/CMS_Creative_164657191_Kingfisher_4.jpg,1/4/2019 11:32:35 PM,1/4/2019 11:32:35 PM
logo,,~/Images/2019-01-04/logo_4.png,1/4/2019 11:32:35 PM,1/4/2019 11:32:35 PM
no-image-found,,~/Images/2019-01-04/no-image-found_3.png,1/4/2019 11:32:35 PM,1/4/2019 11:32:35 PM
beautiful-blur-bright-326055,,~/Images/2019-01-04/beautiful-blur-bright-326055_2.jpg,1/4/2019 11:32:27 PM,1/4/2019 11:32:27 PM
shop_donate-background-sm,,~/Images/2019-01-04/shop_donate-background-sm_4.jpg,1/4/2019 11:32:35 PM,1/4/2019 11:32:35 PM
logo,,~/Images/2019-01-04/logo_6.png,1/4/2019 11:40:12 PM,1/4/2019 11:40:12 PM
banner,,~/Images/2019-01-04/banner_6.png,1/4/2019 11:32:40 PM,1/4/2019 11:32:40 PM
no-image-found,,~/Images/2019-01-04/no-image-found_5.png,1/4/2019 11:40:12 PM,1/4/2019 11:40:12 PM
banner-1,,~/Images/2019-01-04/banner-1_5.png,1/4/2019 11:32:40 PM,1/4/2019 11:32:40 PM
shop_donate-background-sm,,~/Images/2019-01-04/shop_donate-background-sm_6.jpg,1/4/2019 11:40:12 PM,1/4/2019 11:40:12 PM
beautiful-blur-bright-326055,,~/Images/2019-01-04/beautiful-blur-bright-326055_5.jpg,1/4/2019 11:32:40 PM,1/4/2019 11:32:40 PM
banner,,~/Images/2019-01-04/banner_8.png,1/4/2019 11:40:16 PM,1/4/2019 11:40:16 PM
CMS_Creative_164657191_Kingfisher,,~/Images/2019-01-04/CMS_Creative_164657191_Kingfisher_5.jpg,1/4/2019 11:32:40 PM,1/4/2019 11:32:40 PM
banner-1,,~/Images/2019-01-04/banner-1_7.png,1/4/2019 11:40:16 PM,1/4/2019 11:40:16 PM
logo,,~/Images/2019-01-04/logo_5.png,1/4/2019 11:32:40 PM,1/4/2019 11:32:40 PM
no-image-found,,~/Images/2019-01-04/no-image-found_4.png,1/4/2019 11:32:40 PM,1/4/2019 11:32:40 PM
beautiful-blur-bright-326055,,~/Images/2019-01-04/beautiful-blur-bright-326055_7.jpg,1/4/2019 11:40:16 PM,1/4/2019 11:40:16 PM
shop_donate-background-sm,,~/Images/2019-01-04/shop_donate-background-sm_5.jpg,1/4/2019 11:32:40 PM,1/4/2019 11:32:40 PM
CMS_Creative_164657191_Kingfisher,,~/Images/2019-01-04/CMS_Creative_164657191_Kingfisher_7.jpg,1/4/2019 11:40:16 PM,1/4/2019 11:40:16 PM
banner,,~/Images/2019-01-04/banner_7.png,1/4/2019 11:40:12 PM,1/4/2019 11:40:12 PM
logo,,~/Images/2019-01-04/logo_7.png,1/4/2019 11:40:16 PM,1/4/2019 11:40:16 PM
banner-1,,~/Images/2019-01-04/banner-1_6.png,1/4/2019 11:40:12 PM,1/4/2019 11:40:12 PM
beautiful-blur-bright-326055,,~/Images/2019-01-04/beautiful-blur-bright-326055_6.jpg,1/4/2019 11:40:12 PM,1/4/2019 11:40:12 PM
no-image-found,,~/Images/2019-01-04/no-image-found_6.png,1/4/2019 11:40:16 PM,1/4/2019 11:40:16 PM
CMS_Creative_164657191_Kingfisher,,~/Images/2019-01-04/CMS_Creative_164657191_Kingfisher_6.jpg,1/4/2019 11:40:12 PM,1/4/2019 11:40:12 PM
shop_donate-background-sm,,~/Images/2019-01-04/shop_donate-background-sm_7.jpg,1/4/2019 11:40:16 PM,1/4/2019 11:40:16 PM
banner,,~/Images/2019-01-04/banner_9.png,1/4/2019 11:40:21 PM,1/4/2019 11:40:21 PM
logo,,~/Images/2019-01-04/logo_8.png,1/4/2019 11:40:21 PM,1/4/2019 11:40:21 PM
no-image-found,,~/Images/2019-01-04/no-image-found_7.png,1/4/2019 11:40:21 PM,1/4/2019 11:40:21 PM
shop_donate-background-sm,,~/Images/2019-01-04/shop_donate-background-sm_8.jpg,1/4/2019 11:40:21 PM,1/4/2019 11:40:21 PM
banner-1,,~/Images/2019-01-04/banner-1_8.png,1/4/2019 11:40:21 PM,1/4/2019 11:40:21 PM
beautiful-blur-bright-326055,,~/Images/2019-01-04/beautiful-blur-bright-326055_8.jpg,1/4/2019 11:40:21 PM,1/4/2019 11:40:21 PM
CMS_Creative_164657191_Kingfisher,,~/Images/2019-01-04/CMS_Creative_164657191_Kingfisher_8.jpg,1/4/2019 11:40:21 PM,1/4/2019 11:40:21 PM