Image Title,Image Description,Image Path,Image Upload Date,Image Modify Date
579842076b6c21a4606944149e5729d0,,~/Website_1/Images/2019-01-21/579842076b6c21a4606944149e5729d0.jpg,1/21/2019 6:14:36 PM,1/21/2019 6:14:36 PM
1002519-download-free-code-lyoko-wallpapers-1920x1,,~/Website_1/Images/2019-01-21/1002519-download-free-code-lyoko-wallpapers-1920x1080-windows-10.jpg,1/21/2019 6:14:36 PM,1/21/2019 6:14:36 PM
470655_news-code-lyoko-codelyoko-fr_1024x768_h,,~/Website_1/Images/2019-01-21/470655_news-code-lyoko-codelyoko-fr_1024x768_h.jpg,1/21/2019 6:14:36 PM,1/21/2019 6:14:36 PM
470648_red-code-lyoko-wallpapers-by-foboh-on-devia,,~/Website_1/Images/2019-01-21/470648_red-code-lyoko-wallpapers-by-foboh-on-deviantart_1920x1080_h.png,1/21/2019 6:14:36 PM,1/21/2019 6:14:36 PM
287089,,~/Website_1/Images/2019-01-21/287089.jpg,1/21/2019 6:14:36 PM,1/21/2019 6:14:36 PM
image,,~/Website_1/Images/2019-01-21/image.jpg,1/21/2019 6:14:36 PM,1/21/2019 6:14:36 PM
images,,~/Website_1/Images/2019-01-21/images.jpg,1/21/2019 6:14:36 PM,1/21/2019 6:14:36 PM
logo,,~/Website_1/Images/2019-01-21/logo.png,1/21/2019 6:14:36 PM,1/21/2019 6:14:36 PM
download,,~/Website_1/Images/2019-01-21/download.jpg,1/21/2019 6:14:36 PM,1/21/2019 6:14:36 PM
Code-Lyoko-Wallpaper-Free-Download,,~/Website_1/Images/2019-01-21/Code-Lyoko-Wallpaper-Free-Download.jpg,1/21/2019 6:14:36 PM,1/21/2019 6:14:36 PM
CMS_Creative_164657191_Kingfisher,,~/Website_1/Images/2019-01-21/CMS_Creative_164657191_Kingfisher.jpg,1/21/2019 6:14:36 PM,1/21/2019 6:14:36 PM
BMW-4-series-gran-coupe-images-and-videos-1920x120,,~/Website_1/Images/2019-01-21/BMW-4-series-gran-coupe-images-and-videos-1920x1200-12.jpg.asset.1519121502869.jpg,1/21/2019 6:14:36 PM,1/21/2019 6:14:36 PM
beautiful-blur-bright-326055,,~/Website_1/Images/2019-01-21/beautiful-blur-bright-326055.jpg,1/21/2019 6:14:36 PM,1/21/2019 6:14:36 PM
banner,,~/Website_1/Images/2019-01-21/banner.png,1/21/2019 6:14:36 PM,1/21/2019 6:14:36 PM
Swing_Day_Legal,,~/Website_1/Images/2019-01-21/Swing_Day_Legal.jpg,1/21/2019 6:14:36 PM,1/21/2019 6:14:36 PM
no-image-found,,~/Website_1/Images/2019-01-21/no-image-found.png,1/21/2019 6:14:36 PM,1/21/2019 6:14:36 PM
banner-1,,~/Website_1/Images/2019-01-21/banner-1.png,1/21/2019 6:14:36 PM,1/21/2019 6:14:36 PM
wp3178085,,~/Website_1/Images/2019-01-21/wp3178085.jpg,1/21/2019 6:14:36 PM,1/21/2019 6:14:36 PM
logo_Google_FullColor_3x_830x271px.max-2800x2800,,~/Website_1/Images/2019-01-21/logo_Google_FullColor_3x_830x271px.max-2800x2800.png,1/21/2019 6:14:36 PM,1/21/2019 6:14:36 PM
shop_donate-background-sm,,~/Website_1/Images/2019-01-21/shop_donate-background-sm.jpg,1/21/2019 6:14:36 PM,1/21/2019 6:14:36 PM
1002519-download-free-code-lyoko-wallpapers-1920x1,,~/Website_1/Images/2019-01-21/1002519-download-free-code-lyoko-wallpapers-1920x1080-windows-10_1.jpg,1/21/2019 6:14:41 PM,1/21/2019 6:14:41 PM
CMS_Creative_164657191_Kingfisher,,~/Website_1/Images/2019-01-21/CMS_Creative_164657191_Kingfisher_1.jpg,1/21/2019 6:14:41 PM,1/21/2019 6:14:41 PM
470655_news-code-lyoko-codelyoko-fr_1024x768_h,,~/Website_1/Images/2019-01-21/470655_news-code-lyoko-codelyoko-fr_1024x768_h_1.jpg,1/21/2019 6:14:41 PM,1/21/2019 6:14:41 PM
BMW-4-series-gran-coupe-images-and-videos-1920x120,,~/Website_1/Images/2019-01-21/BMW-4-series-gran-coupe-images-and-videos-1920x1200-12.jpg.asset.1519121502869_1.jpg,1/21/2019 6:14:41 PM,1/21/2019 6:14:41 PM
287089,,~/Website_1/Images/2019-01-21/287089_1.jpg,1/21/2019 6:14:41 PM,1/21/2019 6:14:41 PM
beautiful-blur-bright-326055,,~/Website_1/Images/2019-01-21/beautiful-blur-bright-326055_1.jpg,1/21/2019 6:14:41 PM,1/21/2019 6:14:41 PM
banner-1,,~/Website_1/Images/2019-01-21/banner-1_1.png,1/21/2019 6:14:41 PM,1/21/2019 6:14:41 PM
banner,,~/Website_1/Images/2019-01-21/banner_1.png,1/21/2019 6:14:41 PM,1/21/2019 6:14:41 PM
logo,,~/Website_1/Images/2019-01-21/logo_1.png,1/21/2019 6:14:41 PM,1/21/2019 6:14:41 PM
images,,~/Website_1/Images/2019-01-21/images_1.jpg,1/21/2019 6:14:41 PM,1/21/2019 6:14:41 PM
image,,~/Website_1/Images/2019-01-21/image_1.jpg,1/21/2019 6:14:41 PM,1/21/2019 6:14:41 PM
download,,~/Website_1/Images/2019-01-21/download_1.jpg,1/21/2019 6:14:41 PM,1/21/2019 6:14:41 PM
Code-Lyoko-Wallpaper-Free-Download,,~/Website_1/Images/2019-01-21/Code-Lyoko-Wallpaper-Free-Download_1.jpg,1/21/2019 6:14:41 PM,1/21/2019 6:14:41 PM
Swing_Day_Legal,,~/Website_1/Images/2019-01-21/Swing_Day_Legal_1.jpg,1/21/2019 6:14:41 PM,1/21/2019 6:14:41 PM
shop_donate-background-sm,,~/Website_1/Images/2019-01-21/shop_donate-background-sm_1.jpg,1/21/2019 6:14:41 PM,1/21/2019 6:14:41 PM
logo_Google_FullColor_3x_830x271px.max-2800x2800,,~/Website_1/Images/2019-01-21/logo_Google_FullColor_3x_830x271px.max-2800x2800_1.png,1/21/2019 6:14:41 PM,1/21/2019 6:14:41 PM
wp3178085,,~/Website_1/Images/2019-01-21/wp3178085_1.jpg,1/21/2019 6:14:41 PM,1/21/2019 6:14:41 PM
470648_red-code-lyoko-wallpapers-by-foboh-on-devia,,~/Website_1/Images/2019-01-21/470648_red-code-lyoko-wallpapers-by-foboh-on-deviantart_1920x1080_h_1.png,1/21/2019 6:14:41 PM,1/21/2019 6:14:41 PM
no-image-found,,~/Website_1/Images/2019-01-21/no-image-found_1.png,1/21/2019 6:14:41 PM,1/21/2019 6:14:41 PM
579842076b6c21a4606944149e5729d0,,~/Website_1/Images/2019-01-21/579842076b6c21a4606944149e5729d0_1.jpg,1/21/2019 6:14:41 PM,1/21/2019 6:14:41 PM
beautiful-blur-bright-326055,,~/Website_1/Images/2019-01-21/beautiful-blur-bright-326055_2.jpg,1/21/2019 6:14:46 PM,1/21/2019 6:14:46 PM
banner,,~/Website_1/Images/2019-01-21/banner_2.png,1/21/2019 6:14:46 PM,1/21/2019 6:14:46 PM
banner-1,,~/Website_1/Images/2019-01-21/banner-1_2.png,1/21/2019 6:14:46 PM,1/21/2019 6:14:46 PM
1002519-download-free-code-lyoko-wallpapers-1920x1,,~/Website_1/Images/2019-01-21/1002519-download-free-code-lyoko-wallpapers-1920x1080-windows-10_2.jpg,1/21/2019 6:14:46 PM,1/21/2019 6:14:46 PM
470655_news-code-lyoko-codelyoko-fr_1024x768_h,,~/Website_1/Images/2019-01-21/470655_news-code-lyoko-codelyoko-fr_1024x768_h_2.jpg,1/21/2019 6:14:46 PM,1/21/2019 6:14:46 PM
logo,,~/Website_1/Images/2019-01-21/logo_2.png,1/21/2019 6:14:46 PM,1/21/2019 6:14:46 PM
287089,,~/Website_1/Images/2019-01-21/287089_2.jpg,1/21/2019 6:14:46 PM,1/21/2019 6:14:46 PM
image,,~/Website_1/Images/2019-01-21/image_2.jpg,1/21/2019 6:14:46 PM,1/21/2019 6:14:46 PM
images,,~/Website_1/Images/2019-01-21/images_2.jpg,1/21/2019 6:14:46 PM,1/21/2019 6:14:46 PM
download,,~/Website_1/Images/2019-01-21/download_2.jpg,1/21/2019 6:14:46 PM,1/21/2019 6:14:46 PM
Code-Lyoko-Wallpaper-Free-Download,,~/Website_1/Images/2019-01-21/Code-Lyoko-Wallpaper-Free-Download_2.jpg,1/21/2019 6:14:46 PM,1/21/2019 6:14:46 PM
wp3178085,,~/Website_1/Images/2019-01-21/wp3178085_2.jpg,1/21/2019 6:14:46 PM,1/21/2019 6:14:46 PM
Swing_Day_Legal,,~/Website_1/Images/2019-01-21/Swing_Day_Legal_2.jpg,1/21/2019 6:14:46 PM,1/21/2019 6:14:46 PM
no-image-found,,~/Website_1/Images/2019-01-21/no-image-found_2.png,1/21/2019 6:14:46 PM,1/21/2019 6:14:46 PM
CMS_Creative_164657191_Kingfisher,,~/Website_1/Images/2019-01-21/CMS_Creative_164657191_Kingfisher_2.jpg,1/21/2019 6:14:46 PM,1/21/2019 6:14:46 PM
shop_donate-background-sm,,~/Website_1/Images/2019-01-21/shop_donate-background-sm_2.jpg,1/21/2019 6:14:46 PM,1/21/2019 6:14:46 PM
579842076b6c21a4606944149e5729d0,,~/Website_1/Images/2019-01-21/579842076b6c21a4606944149e5729d0_2.jpg,1/21/2019 6:14:46 PM,1/21/2019 6:14:46 PM
logo_Google_FullColor_3x_830x271px.max-2800x2800,,~/Website_1/Images/2019-01-21/logo_Google_FullColor_3x_830x271px.max-2800x2800_2.png,1/21/2019 6:14:46 PM,1/21/2019 6:14:46 PM
BMW-4-series-gran-coupe-images-and-videos-1920x120,,~/Website_1/Images/2019-01-21/BMW-4-series-gran-coupe-images-and-videos-1920x1200-12.jpg.asset.1519121502869_2.jpg,1/21/2019 6:14:46 PM,1/21/2019 6:14:46 PM
470648_red-code-lyoko-wallpapers-by-foboh-on-devia,,~/Website_1/Images/2019-01-21/470648_red-code-lyoko-wallpapers-by-foboh-on-deviantart_1920x1080_h_2.png,1/21/2019 6:14:46 PM,1/21/2019 6:14:46 PM
470655_news-code-lyoko-codelyoko-fr_1024x768_h,,~/Website_1/Images/2019-01-21/470655_news-code-lyoko-codelyoko-fr_1024x768_h_3.jpg,1/21/2019 6:14:51 PM,1/21/2019 6:14:51 PM
579842076b6c21a4606944149e5729d0,,~/Website_1/Images/2019-01-21/579842076b6c21a4606944149e5729d0_3.jpg,1/21/2019 6:14:51 PM,1/21/2019 6:14:51 PM
470648_red-code-lyoko-wallpapers-by-foboh-on-devia,,~/Website_1/Images/2019-01-21/470648_red-code-lyoko-wallpapers-by-foboh-on-deviantart_1920x1080_h_3.png,1/21/2019 6:14:51 PM,1/21/2019 6:14:51 PM
1002519-download-free-code-lyoko-wallpapers-1920x1,,~/Website_1/Images/2019-01-21/1002519-download-free-code-lyoko-wallpapers-1920x1080-windows-10_3.jpg,1/21/2019 6:14:51 PM,1/21/2019 6:14:51 PM
287089,,~/Website_1/Images/2019-01-21/287089_3.jpg,1/21/2019 6:14:51 PM,1/21/2019 6:14:51 PM
wp3178085,,~/Website_1/Images/2019-01-21/wp3178085_3.jpg,1/21/2019 6:14:51 PM,1/21/2019 6:14:51 PM
Swing_Day_Legal,,~/Website_1/Images/2019-01-21/Swing_Day_Legal_3.jpg,1/21/2019 6:14:51 PM,1/21/2019 6:14:51 PM
no-image-found,,~/Website_1/Images/2019-01-21/no-image-found_3.png,1/21/2019 6:14:51 PM,1/21/2019 6:14:51 PM
shop_donate-background-sm,,~/Website_1/Images/2019-01-21/shop_donate-background-sm_3.jpg,1/21/2019 6:14:51 PM,1/21/2019 6:14:51 PM
logo,,~/Website_1/Images/2019-01-21/logo_3.png,1/21/2019 6:14:51 PM,1/21/2019 6:14:51 PM
logo_Google_FullColor_3x_830x271px.max-2800x2800,,~/Website_1/Images/2019-01-21/logo_Google_FullColor_3x_830x271px.max-2800x2800_3.png,1/21/2019 6:14:51 PM,1/21/2019 6:14:51 PM
images,,~/Website_1/Images/2019-01-21/images_3.jpg,1/21/2019 6:14:51 PM,1/21/2019 6:14:51 PM
download,,~/Website_1/Images/2019-01-21/download_3.jpg,1/21/2019 6:14:51 PM,1/21/2019 6:14:51 PM
Code-Lyoko-Wallpaper-Free-Download,,~/Website_1/Images/2019-01-21/Code-Lyoko-Wallpaper-Free-Download_3.jpg,1/21/2019 6:14:51 PM,1/21/2019 6:14:51 PM
BMW-4-series-gran-coupe-images-and-videos-1920x120,,~/Website_1/Images/2019-01-21/BMW-4-series-gran-coupe-images-and-videos-1920x1200-12.jpg.asset.1519121502869_3.jpg,1/21/2019 6:14:51 PM,1/21/2019 6:14:51 PM
CMS_Creative_164657191_Kingfisher,,~/Website_1/Images/2019-01-21/CMS_Creative_164657191_Kingfisher_3.jpg,1/21/2019 6:14:51 PM,1/21/2019 6:14:51 PM
banner-1,,~/Website_1/Images/2019-01-21/banner-1_3.png,1/21/2019 6:14:51 PM,1/21/2019 6:14:51 PM
image,,~/Website_1/Images/2019-01-21/image_3.jpg,1/21/2019 6:14:51 PM,1/21/2019 6:14:51 PM
beautiful-blur-bright-326055,,~/Website_1/Images/2019-01-21/beautiful-blur-bright-326055_3.jpg,1/21/2019 6:14:51 PM,1/21/2019 6:14:51 PM
banner,,~/Website_1/Images/2019-01-21/banner_3.png,1/21/2019 6:14:51 PM,1/21/2019 6:14:51 PM
logo,,~/Website_1/Images/2019-01-21/logo_2_1.png,1/21/2019 4:05:41 PM,1/21/2019 4:05:41 PM
470655_news-code-lyoko-codelyoko-fr_1024x768_h,,~/Website_1/Images/2019-01-21/470655_news-code-lyoko-codelyoko-fr_1024x768_h_2_1.jpg,1/21/2019 4:05:41 PM,1/21/2019 4:05:41 PM
Code-Lyoko-Wallpaper-Free-Download,,~/Website_1/Images/2019-01-21/Code-Lyoko-Wallpaper-Free-Download_1_1.jpg,1/21/2019 4:05:34 PM,1/21/2019 4:05:34 PM
1002519-download-free-code-lyoko-wallpapers-1920x1,,~/Website_1/Images/2019-01-21/1002519-download-free-code-lyoko-wallpapers-1920x1080-windows-10_1_1.jpg,1/21/2019 4:05:34 PM,1/21/2019 4:05:34 PM
287089,,~/Website_1/Images/2019-01-21/287089_4.jpg,1/21/2019 2:59:50 PM,1/21/2019 2:59:50 PM
579842076b6c21a4606944149e5729d0,,~/Website_1/Images/2019-01-21/579842076b6c21a4606944149e5729d0_1_1.jpg,1/21/2019 4:05:34 PM,1/21/2019 4:05:34 PM
banner,,~/Website_1/Images/2019-01-21/banner_2_1.png,1/21/2019 4:05:41 PM,1/21/2019 4:05:41 PM
470648_red-code-lyoko-wallpapers-by-foboh-on-devia,,~/Website_1/Images/2019-01-21/470648_red-code-lyoko-wallpapers-by-foboh-on-deviantart_1920x1080_h_4.png,1/21/2019 2:59:50 PM,1/21/2019 2:59:50 PM
no-image-found,,~/Website_1/Images/2019-01-21/no-image-found_2_1.png,1/21/2019 4:05:41 PM,1/21/2019 4:05:41 PM
470655_news-code-lyoko-codelyoko-fr_1024x768_h,,~/Website_1/Images/2019-01-21/470655_news-code-lyoko-codelyoko-fr_1024x768_h_4.jpg,1/21/2019 2:59:50 PM,1/21/2019 2:59:50 PM
image,,~/Website_1/Images/2019-01-21/image_2_1.jpg,1/21/2019 4:05:41 PM,1/21/2019 4:05:41 PM
logo_Google_FullColor_3x_830x271px.max-2800x2800,,~/Website_1/Images/2019-01-21/logo_Google_FullColor_3x_830x271px.max-2800x2800_1_1.png,1/21/2019 4:05:34 PM,1/21/2019 4:05:34 PM
wp3178085,,~/Website_1/Images/2019-01-21/wp3178085_2_1.jpg,1/21/2019 4:05:41 PM,1/21/2019 4:05:41 PM
shop_donate-background-sm,,~/Website_1/Images/2019-01-21/shop_donate-background-sm_2_1.jpg,1/21/2019 4:05:41 PM,1/21/2019 4:05:41 PM
beautiful-blur-bright-326055,,~/Website_1/Images/2019-01-21/beautiful-blur-bright-326055_2_1.jpg,1/21/2019 4:05:41 PM,1/21/2019 4:05:41 PM
logo,,~/Website_1/Images/2019-01-21/logo_2_2.png,1/21/2019 4:05:41 PM,1/21/2019 4:05:41 PM
logo_Google_FullColor_3x_830x271px.max-2800x2800,,~/Website_1/Images/2019-01-21/logo_Google_FullColor_3x_830x271px.max-2800x2800_1_2.png,1/21/2019 4:05:34 PM,1/21/2019 4:05:34 PM
wp3178085,,~/Website_1/Images/2019-01-21/wp3178085_2_2.jpg,1/21/2019 4:05:41 PM,1/21/2019 4:05:41 PM
287089,,~/Website_1/Images/2019-01-21/287089_5.jpg,1/21/2019 2:59:50 PM,1/21/2019 2:59:50 PM
banner,,~/Website_1/Images/2019-01-21/banner_2_2.png,1/21/2019 4:05:41 PM,1/21/2019 4:05:41 PM
579842076b6c21a4606944149e5729d0,,~/Website_1/Images/2019-01-21/579842076b6c21a4606944149e5729d0_1_2.jpg,1/21/2019 4:05:34 PM,1/21/2019 4:05:34 PM
Code-Lyoko-Wallpaper-Free-Download,,~/Website_1/Images/2019-01-21/Code-Lyoko-Wallpaper-Free-Download_1_2.jpg,1/21/2019 4:05:34 PM,1/21/2019 4:05:34 PM
shop_donate-background-sm,,~/Website_1/Images/2019-01-21/shop_donate-background-sm_2_2.jpg,1/21/2019 4:05:41 PM,1/21/2019 4:05:41 PM
470655_news-code-lyoko-codelyoko-fr_1024x768_h,,~/Website_1/Images/2019-01-21/470655_news-code-lyoko-codelyoko-fr_1024x768_h_5.jpg,1/21/2019 2:59:50 PM,1/21/2019 2:59:50 PM
no-image-found,,~/Website_1/Images/2019-01-21/no-image-found_2_2.png,1/21/2019 4:05:41 PM,1/21/2019 4:05:41 PM
beautiful-blur-bright-326055,,~/Website_1/Images/2019-01-21/beautiful-blur-bright-326055_2_2.jpg,1/21/2019 4:05:41 PM,1/21/2019 4:05:41 PM
470655_news-code-lyoko-codelyoko-fr_1024x768_h,,~/Website_1/Images/2019-01-21/470655_news-code-lyoko-codelyoko-fr_1024x768_h_2_2.jpg,1/21/2019 4:05:41 PM,1/21/2019 4:05:41 PM
1002519-download-free-code-lyoko-wallpapers-1920x1,,~/Website_1/Images/2019-01-21/1002519-download-free-code-lyoko-wallpapers-1920x1080-windows-10_1_2.jpg,1/21/2019 4:05:34 PM,1/21/2019 4:05:34 PM
470648_red-code-lyoko-wallpapers-by-foboh-on-devia,,~/Website_1/Images/2019-01-21/470648_red-code-lyoko-wallpapers-by-foboh-on-deviantart_1920x1080_h_5.png,1/21/2019 2:59:50 PM,1/21/2019 2:59:50 PM
image,,~/Website_1/Images/2019-01-21/image_2_2.jpg,1/21/2019 4:05:41 PM,1/21/2019 4:05:41 PM
no-image-found,,~/Website_1/Images/2019-01-21/no-image-found_2_3.png,1/21/2019 4:05:41 PM,1/21/2019 4:05:41 PM
shop_donate-background-sm,,~/Website_1/Images/2019-01-21/shop_donate-background-sm_2_3.jpg,1/21/2019 4:05:41 PM,1/21/2019 4:05:41 PM
470648_red-code-lyoko-wallpapers-by-foboh-on-devia,,~/Website_1/Images/2019-01-21/470648_red-code-lyoko-wallpapers-by-foboh-on-deviantart_1920x1080_h_6.png,1/21/2019 2:59:50 PM,1/21/2019 2:59:50 PM
beautiful-blur-bright-326055,,~/Website_1/Images/2019-01-21/beautiful-blur-bright-326055_2_3.jpg,1/21/2019 4:05:41 PM,1/21/2019 4:05:41 PM
287089,,~/Website_1/Images/2019-01-21/287089_6.jpg,1/21/2019 2:59:50 PM,1/21/2019 2:59:50 PM
logo,,~/Website_1/Images/2019-01-21/logo_2_3.png,1/21/2019 4:05:41 PM,1/21/2019 4:05:41 PM
wp3178085,,~/Website_1/Images/2019-01-21/wp3178085_2_3.jpg,1/21/2019 4:05:41 PM,1/21/2019 4:05:41 PM
470655_news-code-lyoko-codelyoko-fr_1024x768_h,,~/Website_1/Images/2019-01-21/470655_news-code-lyoko-codelyoko-fr_1024x768_h_2_3.jpg,1/21/2019 4:05:41 PM,1/21/2019 4:05:41 PM
579842076b6c21a4606944149e5729d0,,~/Website_1/Images/2019-01-21/579842076b6c21a4606944149e5729d0_1_3.jpg,1/21/2019 4:05:34 PM,1/21/2019 4:05:34 PM
Code-Lyoko-Wallpaper-Free-Download,,~/Website_1/Images/2019-01-21/Code-Lyoko-Wallpaper-Free-Download_1_3.jpg,1/21/2019 4:05:34 PM,1/21/2019 4:05:34 PM
logo_Google_FullColor_3x_830x271px.max-2800x2800,,~/Website_1/Images/2019-01-21/logo_Google_FullColor_3x_830x271px.max-2800x2800_1_3.png,1/21/2019 4:05:34 PM,1/21/2019 4:05:34 PM
image,,~/Website_1/Images/2019-01-21/image_2_3.jpg,1/21/2019 4:05:41 PM,1/21/2019 4:05:41 PM
1002519-download-free-code-lyoko-wallpapers-1920x1,,~/Website_1/Images/2019-01-21/1002519-download-free-code-lyoko-wallpapers-1920x1080-windows-10_1_3.jpg,1/21/2019 4:05:34 PM,1/21/2019 4:05:34 PM
470655_news-code-lyoko-codelyoko-fr_1024x768_h,,~/Website_1/Images/2019-01-21/470655_news-code-lyoko-codelyoko-fr_1024x768_h_6.jpg,1/21/2019 2:59:50 PM,1/21/2019 2:59:50 PM
banner,,~/Website_1/Images/2019-01-21/banner_2_3.png,1/21/2019 4:05:41 PM,1/21/2019 4:05:41 PM
no-image-found,,~/Website_1/Images/2019-01-21/no-image-found_2_4.png,1/21/2019 4:05:41 PM,1/21/2019 4:05:41 PM
logo,,~/Website_1/Images/2019-01-21/logo_2_4.png,1/21/2019 4:05:41 PM,1/21/2019 4:05:41 PM
banner,,~/Website_1/Images/2019-01-21/banner_2_4.png,1/21/2019 4:05:41 PM,1/21/2019 4:05:41 PM
Code-Lyoko-Wallpaper-Free-Download,,~/Website_1/Images/2019-01-21/Code-Lyoko-Wallpaper-Free-Download_1_4.jpg,1/21/2019 4:05:34 PM,1/21/2019 4:05:34 PM
1002519-download-free-code-lyoko-wallpapers-1920x1,,~/Website_1/Images/2019-01-21/1002519-download-free-code-lyoko-wallpapers-1920x1080-windows-10_1_4.jpg,1/21/2019 4:05:34 PM,1/21/2019 4:05:34 PM
470655_news-code-lyoko-codelyoko-fr_1024x768_h,,~/Website_1/Images/2019-01-21/470655_news-code-lyoko-codelyoko-fr_1024x768_h_7.jpg,1/21/2019 2:59:50 PM,1/21/2019 2:59:50 PM
shop_donate-background-sm,,~/Website_1/Images/2019-01-21/shop_donate-background-sm_2_4.jpg,1/21/2019 4:05:41 PM,1/21/2019 4:05:41 PM
wp3178085,,~/Website_1/Images/2019-01-21/wp3178085_2_4.jpg,1/21/2019 4:05:41 PM,1/21/2019 4:05:41 PM
470655_news-code-lyoko-codelyoko-fr_1024x768_h,,~/Website_1/Images/2019-01-21/470655_news-code-lyoko-codelyoko-fr_1024x768_h_2_4.jpg,1/21/2019 4:05:41 PM,1/21/2019 4:05:41 PM
287089,,~/Website_1/Images/2019-01-21/287089_7.jpg,1/21/2019 2:59:50 PM,1/21/2019 2:59:50 PM
image,,~/Website_1/Images/2019-01-21/image_2_4.jpg,1/21/2019 4:05:41 PM,1/21/2019 4:05:41 PM
logo_Google_FullColor_3x_830x271px.max-2800x2800,,~/Website_1/Images/2019-01-21/logo_Google_FullColor_3x_830x271px.max-2800x2800_1_4.png,1/21/2019 4:05:34 PM,1/21/2019 4:05:34 PM
470648_red-code-lyoko-wallpapers-by-foboh-on-devia,,~/Website_1/Images/2019-01-21/470648_red-code-lyoko-wallpapers-by-foboh-on-deviantart_1920x1080_h_7.png,1/21/2019 2:59:50 PM,1/21/2019 2:59:50 PM
beautiful-blur-bright-326055,,~/Website_1/Images/2019-01-21/beautiful-blur-bright-326055_2_4.jpg,1/21/2019 4:05:41 PM,1/21/2019 4:05:41 PM
579842076b6c21a4606944149e5729d0,,~/Website_1/Images/2019-01-21/579842076b6c21a4606944149e5729d0_1_4.jpg,1/21/2019 4:05:34 PM,1/21/2019 4:05:34 PM