Image Title,Image Description,Image Path,Image Upload Date,Image Modify Date
470655_news-code-lyoko-codelyoko-fr_1024x768_h,,~/Website_2/Images/2019-01-21/470655_news-code-lyoko-codelyoko-fr_1024x768_h.jpg,1/21/2019 8:49:53 PM,1/21/2019 8:49:53 PM
1002519-download-free-code-lyoko-wallpapers-1920x1,,~/Website_2/Images/2019-01-21/1002519-download-free-code-lyoko-wallpapers-1920x1080-windows-10.jpg,1/21/2019 8:49:53 PM,1/21/2019 8:49:53 PM
579842076b6c21a4606944149e5729d0,,~/Website_2/Images/2019-01-21/579842076b6c21a4606944149e5729d0.jpg,1/21/2019 8:49:53 PM,1/21/2019 8:49:53 PM
banner-1,,~/Website_2/Images/2019-01-21/banner-1.png,1/21/2019 8:49:53 PM,1/21/2019 8:49:53 PM
banner,,~/Website_2/Images/2019-01-21/banner.png,1/21/2019 8:49:53 PM,1/21/2019 8:49:53 PM
logo,,~/Website_2/Images/2019-01-21/logo.png,1/21/2019 8:49:53 PM,1/21/2019 8:49:53 PM
images,,~/Website_2/Images/2019-01-21/images.jpg,1/21/2019 8:49:53 PM,1/21/2019 8:49:53 PM
image,,~/Website_2/Images/2019-01-21/image.jpg,1/21/2019 8:49:53 PM,1/21/2019 8:49:53 PM
download,,~/Website_2/Images/2019-01-21/download.jpg,1/21/2019 8:49:53 PM,1/21/2019 8:49:53 PM
Code-Lyoko-Wallpaper-Free-Download,,~/Website_2/Images/2019-01-21/Code-Lyoko-Wallpaper-Free-Download.jpg,1/21/2019 8:49:53 PM,1/21/2019 8:49:53 PM
Swing_Day_Legal,,~/Website_2/Images/2019-01-21/Swing_Day_Legal.jpg,1/21/2019 8:49:53 PM,1/21/2019 8:49:53 PM
shop_donate-background-sm,,~/Website_2/Images/2019-01-21/shop_donate-background-sm.jpg,1/21/2019 8:49:53 PM,1/21/2019 8:49:53 PM
no-image-found,,~/Website_2/Images/2019-01-21/no-image-found.png,1/21/2019 8:49:53 PM,1/21/2019 8:49:53 PM
logo_Google_FullColor_3x_830x271px.max-2800x2800,,~/Website_2/Images/2019-01-21/logo_Google_FullColor_3x_830x271px.max-2800x2800.png,1/21/2019 8:49:53 PM,1/21/2019 8:49:53 PM
wp3178085,,~/Website_2/Images/2019-01-21/wp3178085.jpg,1/21/2019 8:49:53 PM,1/21/2019 8:49:53 PM
CMS_Creative_164657191_Kingfisher,,~/Website_2/Images/2019-01-21/CMS_Creative_164657191_Kingfisher.jpg,1/21/2019 8:49:53 PM,1/21/2019 8:49:53 PM
beautiful-blur-bright-326055,,~/Website_2/Images/2019-01-21/beautiful-blur-bright-326055.jpg,1/21/2019 8:49:53 PM,1/21/2019 8:49:53 PM
470648_red-code-lyoko-wallpapers-by-foboh-on-devia,,~/Website_2/Images/2019-01-21/470648_red-code-lyoko-wallpapers-by-foboh-on-deviantart_1920x1080_h.png,1/21/2019 8:49:53 PM,1/21/2019 8:49:53 PM
BMW-4-series-gran-coupe-images-and-videos-1920x120,,~/Website_2/Images/2019-01-21/BMW-4-series-gran-coupe-images-and-videos-1920x1200-12.jpg.asset.1519121502869.jpg,1/21/2019 8:49:53 PM,1/21/2019 8:49:53 PM
287089,,~/Website_2/Images/2019-01-21/287089.jpg,1/21/2019 8:49:53 PM,1/21/2019 8:49:53 PM
287089,,~/Website_2/Images/2019-01-21/287089_1.jpg,1/21/2019 8:50:00 PM,1/21/2019 8:50:00 PM
1002519-download-free-code-lyoko-wallpapers-1920x1,,~/Website_2/Images/2019-01-21/1002519-download-free-code-lyoko-wallpapers-1920x1080-windows-10_1.jpg,1/21/2019 8:50:00 PM,1/21/2019 8:50:00 PM
470655_news-code-lyoko-codelyoko-fr_1024x768_h,,~/Website_2/Images/2019-01-21/470655_news-code-lyoko-codelyoko-fr_1024x768_h_1.jpg,1/21/2019 8:50:00 PM,1/21/2019 8:50:00 PM
BMW-4-series-gran-coupe-images-and-videos-1920x120,,~/Website_2/Images/2019-01-21/BMW-4-series-gran-coupe-images-and-videos-1920x1200-12.jpg.asset.1519121502869_1.jpg,1/21/2019 8:50:00 PM,1/21/2019 8:50:00 PM
beautiful-blur-bright-326055,,~/Website_2/Images/2019-01-21/beautiful-blur-bright-326055_1.jpg,1/21/2019 8:50:00 PM,1/21/2019 8:50:00 PM
banner,,~/Website_2/Images/2019-01-21/banner_1.png,1/21/2019 8:50:00 PM,1/21/2019 8:50:00 PM
579842076b6c21a4606944149e5729d0,,~/Website_2/Images/2019-01-21/579842076b6c21a4606944149e5729d0_1.jpg,1/21/2019 8:50:00 PM,1/21/2019 8:50:00 PM
470648_red-code-lyoko-wallpapers-by-foboh-on-devia,,~/Website_2/Images/2019-01-21/470648_red-code-lyoko-wallpapers-by-foboh-on-deviantart_1920x1080_h_1.png,1/21/2019 8:50:00 PM,1/21/2019 8:50:00 PM
logo,,~/Website_2/Images/2019-01-21/logo_1.png,1/21/2019 8:50:00 PM,1/21/2019 8:50:00 PM
Code-Lyoko-Wallpaper-Free-Download,,~/Website_2/Images/2019-01-21/Code-Lyoko-Wallpaper-Free-Download_1.jpg,1/21/2019 8:50:00 PM,1/21/2019 8:50:00 PM
logo_Google_FullColor_3x_830x271px.max-2800x2800,,~/Website_2/Images/2019-01-21/logo_Google_FullColor_3x_830x271px.max-2800x2800_1.png,1/21/2019 8:50:00 PM,1/21/2019 8:50:00 PM
images,,~/Website_2/Images/2019-01-21/images_1.jpg,1/21/2019 8:50:00 PM,1/21/2019 8:50:00 PM
wp3178085,,~/Website_2/Images/2019-01-21/wp3178085_1.jpg,1/21/2019 8:50:00 PM,1/21/2019 8:50:00 PM
image,,~/Website_2/Images/2019-01-21/image_1.jpg,1/21/2019 8:50:00 PM,1/21/2019 8:50:00 PM
download,,~/Website_2/Images/2019-01-21/download_1.jpg,1/21/2019 8:50:00 PM,1/21/2019 8:50:00 PM
Swing_Day_Legal,,~/Website_2/Images/2019-01-21/Swing_Day_Legal_1.jpg,1/21/2019 8:50:00 PM,1/21/2019 8:50:00 PM
CMS_Creative_164657191_Kingfisher,,~/Website_2/Images/2019-01-21/CMS_Creative_164657191_Kingfisher_1.jpg,1/21/2019 8:50:00 PM,1/21/2019 8:50:00 PM
shop_donate-background-sm,,~/Website_2/Images/2019-01-21/shop_donate-background-sm_1.jpg,1/21/2019 8:50:00 PM,1/21/2019 8:50:00 PM
banner-1,,~/Website_2/Images/2019-01-21/banner-1_1.png,1/21/2019 8:50:00 PM,1/21/2019 8:50:00 PM
no-image-found,,~/Website_2/Images/2019-01-21/no-image-found_1.png,1/21/2019 8:50:00 PM,1/21/2019 8:50:00 PM
banner,,~/Website_2/Images/2019-01-21/banner_2.png,1/21/2019 8:50:07 PM,1/21/2019 8:50:07 PM
BMW-4-series-gran-coupe-images-and-videos-1920x120,,~/Website_2/Images/2019-01-21/BMW-4-series-gran-coupe-images-and-videos-1920x1200-12.jpg.asset.1519121502869_2.jpg,1/21/2019 8:50:07 PM,1/21/2019 8:50:07 PM
beautiful-blur-bright-326055,,~/Website_2/Images/2019-01-21/beautiful-blur-bright-326055_2.jpg,1/21/2019 8:50:07 PM,1/21/2019 8:50:07 PM
wp3178085,,~/Website_2/Images/2019-01-21/wp3178085_2.jpg,1/21/2019 8:50:07 PM,1/21/2019 8:50:07 PM
Swing_Day_Legal,,~/Website_2/Images/2019-01-21/Swing_Day_Legal_2.jpg,1/21/2019 8:50:07 PM,1/21/2019 8:50:07 PM
1002519-download-free-code-lyoko-wallpapers-1920x1,,~/Website_2/Images/2019-01-21/1002519-download-free-code-lyoko-wallpapers-1920x1080-windows-10_2.jpg,1/21/2019 8:50:07 PM,1/21/2019 8:50:07 PM
logo,,~/Website_2/Images/2019-01-21/logo_2.png,1/21/2019 8:50:07 PM,1/21/2019 8:50:07 PM
Code-Lyoko-Wallpaper-Free-Download,,~/Website_2/Images/2019-01-21/Code-Lyoko-Wallpaper-Free-Download_2.jpg,1/21/2019 8:50:07 PM,1/21/2019 8:50:07 PM
470655_news-code-lyoko-codelyoko-fr_1024x768_h,,~/Website_2/Images/2019-01-21/470655_news-code-lyoko-codelyoko-fr_1024x768_h_2.jpg,1/21/2019 8:50:07 PM,1/21/2019 8:50:07 PM
287089,,~/Website_2/Images/2019-01-21/287089_2.jpg,1/21/2019 8:50:07 PM,1/21/2019 8:50:07 PM
shop_donate-background-sm,,~/Website_2/Images/2019-01-21/shop_donate-background-sm_2.jpg,1/21/2019 8:50:07 PM,1/21/2019 8:50:07 PM
no-image-found,,~/Website_2/Images/2019-01-21/no-image-found_2.png,1/21/2019 8:50:07 PM,1/21/2019 8:50:07 PM
logo_Google_FullColor_3x_830x271px.max-2800x2800,,~/Website_2/Images/2019-01-21/logo_Google_FullColor_3x_830x271px.max-2800x2800_2.png,1/21/2019 8:50:07 PM,1/21/2019 8:50:07 PM
470648_red-code-lyoko-wallpapers-by-foboh-on-devia,,~/Website_2/Images/2019-01-21/470648_red-code-lyoko-wallpapers-by-foboh-on-deviantart_1920x1080_h_2.png,1/21/2019 8:50:07 PM,1/21/2019 8:50:07 PM
banner-1,,~/Website_2/Images/2019-01-21/banner-1_2.png,1/21/2019 8:50:07 PM,1/21/2019 8:50:07 PM
image,,~/Website_2/Images/2019-01-21/image_2.jpg,1/21/2019 8:50:07 PM,1/21/2019 8:50:07 PM
579842076b6c21a4606944149e5729d0,,~/Website_2/Images/2019-01-21/579842076b6c21a4606944149e5729d0_2.jpg,1/21/2019 8:50:07 PM,1/21/2019 8:50:07 PM
images,,~/Website_2/Images/2019-01-21/images_2.jpg,1/21/2019 8:50:07 PM,1/21/2019 8:50:07 PM
CMS_Creative_164657191_Kingfisher,,~/Website_2/Images/2019-01-21/CMS_Creative_164657191_Kingfisher_2.jpg,1/21/2019 8:50:07 PM,1/21/2019 8:50:07 PM
download,,~/Website_2/Images/2019-01-21/download_2.jpg,1/21/2019 8:50:07 PM,1/21/2019 8:50:07 PM
579842076b6c21a4606944149e5729d0,,~/Website_2/Images/2019-01-21/579842076b6c21a4606944149e5729d0_3.jpg,1/21/2019 8:50:15 PM,1/21/2019 8:50:15 PM
1002519-download-free-code-lyoko-wallpapers-1920x1,,~/Website_2/Images/2019-01-21/1002519-download-free-code-lyoko-wallpapers-1920x1080-windows-10_3.jpg,1/21/2019 8:50:15 PM,1/21/2019 8:50:15 PM
287089,,~/Website_2/Images/2019-01-21/287089_3.jpg,1/21/2019 8:50:15 PM,1/21/2019 8:50:15 PM
470655_news-code-lyoko-codelyoko-fr_1024x768_h,,~/Website_2/Images/2019-01-21/470655_news-code-lyoko-codelyoko-fr_1024x768_h_3.jpg,1/21/2019 8:50:15 PM,1/21/2019 8:50:15 PM
470648_red-code-lyoko-wallpapers-by-foboh-on-devia,,~/Website_2/Images/2019-01-21/470648_red-code-lyoko-wallpapers-by-foboh-on-deviantart_1920x1080_h_3.png,1/21/2019 8:50:15 PM,1/21/2019 8:50:15 PM
BMW-4-series-gran-coupe-images-and-videos-1920x120,,~/Website_2/Images/2019-01-21/BMW-4-series-gran-coupe-images-and-videos-1920x1200-12.jpg.asset.1519121502869_3.jpg,1/21/2019 8:50:15 PM,1/21/2019 8:50:15 PM
CMS_Creative_164657191_Kingfisher,,~/Website_2/Images/2019-01-21/CMS_Creative_164657191_Kingfisher_3.jpg,1/21/2019 8:50:15 PM,1/21/2019 8:50:15 PM
logo,,~/Website_2/Images/2019-01-21/logo_3.png,1/21/2019 8:50:15 PM,1/21/2019 8:50:15 PM
image,,~/Website_2/Images/2019-01-21/image_3.jpg,1/21/2019 8:50:15 PM,1/21/2019 8:50:15 PM
images,,~/Website_2/Images/2019-01-21/images_3.jpg,1/21/2019 8:50:15 PM,1/21/2019 8:50:15 PM
download,,~/Website_2/Images/2019-01-21/download_3.jpg,1/21/2019 8:50:15 PM,1/21/2019 8:50:15 PM
Code-Lyoko-Wallpaper-Free-Download,,~/Website_2/Images/2019-01-21/Code-Lyoko-Wallpaper-Free-Download_3.jpg,1/21/2019 8:50:15 PM,1/21/2019 8:50:15 PM
beautiful-blur-bright-326055,,~/Website_2/Images/2019-01-21/beautiful-blur-bright-326055_3.jpg,1/21/2019 8:50:15 PM,1/21/2019 8:50:15 PM
banner-1,,~/Website_2/Images/2019-01-21/banner-1_3.png,1/21/2019 8:50:15 PM,1/21/2019 8:50:15 PM
banner,,~/Website_2/Images/2019-01-21/banner_3.png,1/21/2019 8:50:15 PM,1/21/2019 8:50:15 PM
wp3178085,,~/Website_2/Images/2019-01-21/wp3178085_3.jpg,1/21/2019 8:50:15 PM,1/21/2019 8:50:15 PM
Swing_Day_Legal,,~/Website_2/Images/2019-01-21/Swing_Day_Legal_3.jpg,1/21/2019 8:50:15 PM,1/21/2019 8:50:15 PM
no-image-found,,~/Website_2/Images/2019-01-21/no-image-found_3.png,1/21/2019 8:50:15 PM,1/21/2019 8:50:15 PM
shop_donate-background-sm,,~/Website_2/Images/2019-01-21/shop_donate-background-sm_3.jpg,1/21/2019 8:50:15 PM,1/21/2019 8:50:15 PM
logo_Google_FullColor_3x_830x271px.max-2800x2800,,~/Website_2/Images/2019-01-21/logo_Google_FullColor_3x_830x271px.max-2800x2800_3.png,1/21/2019 8:50:15 PM,1/21/2019 8:50:15 PM
470655_news-code-lyoko-codelyoko-fr_1024x768_h,,~/Website_2/Images/2019-01-21/470655_news-code-lyoko-codelyoko-fr_1024x768_h_4.jpg,1/21/2019 8:50:22 PM,1/21/2019 8:50:22 PM
287089,,~/Website_2/Images/2019-01-21/287089_4.jpg,1/21/2019 8:50:22 PM,1/21/2019 8:50:22 PM
1002519-download-free-code-lyoko-wallpapers-1920x1,,~/Website_2/Images/2019-01-21/1002519-download-free-code-lyoko-wallpapers-1920x1080-windows-10_4.jpg,1/21/2019 8:50:22 PM,1/21/2019 8:50:22 PM
logo_Google_FullColor_3x_830x271px.max-2800x2800,,~/Website_2/Images/2019-01-21/logo_Google_FullColor_3x_830x271px.max-2800x2800_4.png,1/21/2019 8:50:22 PM,1/21/2019 8:50:22 PM
shop_donate-background-sm,,~/Website_2/Images/2019-01-21/shop_donate-background-sm_4.jpg,1/21/2019 8:50:22 PM,1/21/2019 8:50:22 PM
no-image-found,,~/Website_2/Images/2019-01-21/no-image-found_4.png,1/21/2019 8:50:22 PM,1/21/2019 8:50:22 PM
wp3178085,,~/Website_2/Images/2019-01-21/wp3178085_4.jpg,1/21/2019 8:50:22 PM,1/21/2019 8:50:22 PM
Swing_Day_Legal,,~/Website_2/Images/2019-01-21/Swing_Day_Legal_4.jpg,1/21/2019 8:50:22 PM,1/21/2019 8:50:22 PM
logo,,~/Website_2/Images/2019-01-21/logo_4.png,1/21/2019 8:50:22 PM,1/21/2019 8:50:22 PM
Code-Lyoko-Wallpaper-Free-Download,,~/Website_2/Images/2019-01-21/Code-Lyoko-Wallpaper-Free-Download_4.jpg,1/21/2019 8:50:22 PM,1/21/2019 8:50:22 PM
CMS_Creative_164657191_Kingfisher,,~/Website_2/Images/2019-01-21/CMS_Creative_164657191_Kingfisher_4.jpg,1/21/2019 8:50:22 PM,1/21/2019 8:50:22 PM
banner-1,,~/Website_2/Images/2019-01-21/banner-1_4.png,1/21/2019 8:50:22 PM,1/21/2019 8:50:22 PM
579842076b6c21a4606944149e5729d0,,~/Website_2/Images/2019-01-21/579842076b6c21a4606944149e5729d0_4.jpg,1/21/2019 8:50:22 PM,1/21/2019 8:50:22 PM
470648_red-code-lyoko-wallpapers-by-foboh-on-devia,,~/Website_2/Images/2019-01-21/470648_red-code-lyoko-wallpapers-by-foboh-on-deviantart_1920x1080_h_4.png,1/21/2019 8:50:22 PM,1/21/2019 8:50:22 PM
images,,~/Website_2/Images/2019-01-21/images_4.jpg,1/21/2019 8:50:22 PM,1/21/2019 8:50:22 PM
download,,~/Website_2/Images/2019-01-21/download_4.jpg,1/21/2019 8:50:22 PM,1/21/2019 8:50:22 PM
image,,~/Website_2/Images/2019-01-21/image_4.jpg,1/21/2019 8:50:22 PM,1/21/2019 8:50:22 PM
BMW-4-series-gran-coupe-images-and-videos-1920x120,,~/Website_2/Images/2019-01-21/BMW-4-series-gran-coupe-images-and-videos-1920x1200-12.jpg.asset.1519121502869_4.jpg,1/21/2019 8:50:22 PM,1/21/2019 8:50:22 PM
beautiful-blur-bright-326055,,~/Website_2/Images/2019-01-21/beautiful-blur-bright-326055_4.jpg,1/21/2019 8:50:22 PM,1/21/2019 8:50:22 PM
banner,,~/Website_2/Images/2019-01-21/banner_4.png,1/21/2019 8:50:22 PM,1/21/2019 8:50:22 PM